client,tau=5,tau=10,tau=15,tau=20,tau=25,tau=30,agg_pnl,delta_star
A,1.2682317755801125,1.5401746097719555,1.737274094693936,2.0613305922934595,2.292701282331468,2.485176068113627,1.8974814037974264,0.0
B,1.2113940064344368,1.3424757670290723,1.5420046755602423,1.7256209741235875,1.9090792511371244,2.058551201519863,1.6315209793007213,0.0
C,1.076719524112398,1.164962762638476,1.189767915793244,1.1621164291259825,1.2285004637940786,1.2164639505509294,1.1730885076691846,0.0
D,0.8678360978248953,0.6815380683969988,0.4928894141838792,0.17715177353317385,-0.07605948119173996,-0.3469036418205086,0.2994087051544498,0.009613950388830388
E,0.6528150271346407,0.30258358371922456,-0.10806852642056491,-0.5724450821395998,-1.0687389717401599,-1.614354378716399,-0.40136805802714304,0.01898267235243707
F,0.44522273412755,-0.17642754184009996,-0.9167770247356554,-1.7509546449930617,-2.6138595277737964,-3.629396570881775,-1.4403654293494732,0.03286624797110597
