client,tau=5,tau=10,tau=15,tau=20,tau=25,tau=30
A,39.72044409,41.39577916,42.18593719,41.95089018,41.89587918,41.71334267
B,40.75049922,42.35910805,43.15786554,43.30485911,43.42411804,43.29653872
C,41.37477978,43.34856221,44.24736481,44.83860372,45.38505181,45.92254173
D,43.31932005,46.52165966,48.16669713,49.70937671,50.61963078,51.75287882
E,44.95607392,48.48747133,50.91963474,52.13138876,53.84948284,54.84485221
F,47.00732022,51.66738434,54.2605617,56.93985934,59.48997656,61.88220659
